wavelength_nm,LCP_inc_R_total,LCP_inc_T_total,RCP_inc_R_total,RCP_inc_T_total
400.0,0.9841291745460121,0.01587082545398772,0.9841291745460121,0.01587082545398772
400.3338898163606,0.9832182254656787,0.016781774534321295,0.9832182254656787,0.016781774534321295
400.6677796327212,0.9822640857126237,0.0177359142873763,0.9822640857126237,0.0177359142873763
401.0016694490818,0.981265251731871,0.018734748268128747,0.981265251731871,0.018734748268128747
401.3355592654424,0.9802201903584967,0.019779809641503034,0.9802201903584967,0.019779809641503034
401.669449081803,0.9791273391280727,0.020872660871926917,0.9791273391280727,0.020872660871926917
402.00333889816363,0.977985106714076,0.022014893285923664,0.977985106714076,0.022014893285923664
402.3372287145242,0.9767918735132809,0.023208126486719105,0.9767918735132809,0.023208126486719105
402.6711185308848,0.9755459924017366,0.024454007598263123,0.9755459924017366,0.024454007598263123
403.0050083472454,0.9742457896854922,0.025754210314507725,0.9742457896854922,0.025754210314507725
403.338898163606,0.9728895662716527,0.02711043372834735,0.9728895662716527,0.02711043372834735
403.6727879799666,0.971475599086815,0.02852440091318488,0.971475599086815,0.02852440091318488
404.0066777963272,0.9700021427711706,0.029997857228829052,0.9700021427711706,0.029997857228829052
404.34056761268783,0.968467431677778,0.031532568322221725,0.968467431677778,0.031532568322221725
404.6744574290484,0.9668696822075168,0.033130317792482884,0.9668696822075168,0.033130317792482884
405.008347245409,0.9652070955110998,0.034792904488900114,0.9652070955110998,0.034792904488900114
405.3422370617696,0.9634778605901432,0.03652213940985644,0.9634778605901432,0.03652213940985644
405.6761268781302,0.9616801578297176,0.03831984217028201,0.9616801578297176,0.03831984217028201
406.01001669449084,0.9598121629948736,0.04018783700512624,0.9598121629948736,0.04018783700512624
406.3439065108514,0.9578720517234489,0.04212794827655098,0.9578720517234489,0.04212794827655098
406.67779632721204,0.9558580045468286,0.04414199545317149,0.9558580045468286,0.04414199545317149
407.0116861435726,0.953768212469299,0.04623178753070071,0.953768212469299,0.04623178753070071
407.3455759599332,0.9516008831351188,0.048399116864881145,0.9516008831351188,0.048399116864881145
407.6794657762938,0.9493542476103125,0.05064575238968684,0.9493542476103125,0.05064575238968684
408.0133555926544,0.9470265678035293,0.05297343219647065,0.9470265678035293,0.05297343219647065
408.34724540901504,0.9446161445469121,0.055383855453088014,0.9446161445469121,0.055383855453088014
408.6811352253756,0.9421213263538089,0.05787867364619139,0.9421213263538089,0.05787867364619139
409.01502504173624,0.9395405188652206,0.06045948113477943,0.9395405188652206,0.06045948113477943
409.3489148580968,0.9368721949911183,0.06312780500888172,0.9368721949911183,0.06312780500888172
409.68280467445743,0.9341149057459797,0.06588509425401999,0.9341149057459797,0.06588509425401999
410.01669449081805,0.9312672917703064,0.06873270822969343,0.9312672917703064,0.06873270822969343
410.3505843071786,0.9283280955210911,0.07167190447890841,0.9283280955210911,0.07167190447890841
410.68447412353925,0.9252961741045649,0.07470382589543482,0.9252961741045649,0.07470382589543482
411.0183639398998,0.9221705127137934,0.07782948728620635,0.9221705127137934,0.07782948728620635
411.35225375626044,0.9189502386219015,0.08104976137809848,0.9189502386219015,0.08104976137809848
411.68614357262106,0.9156346356690611,0.08436536433093887,0.9156346356690611,0.08436536433093887
412.02003338898163,0.9122231591677125,0.08777684083228729,0.9122231591677125,0.08777684083228729
412.35392320534226,0.9087154511361353,0.09128454886386479,0.9087154511361353,0.09128454886386479
412.6878130217028,0.9051113557554894,0.09488864424451048,0.9051113557554894,0.09488864424451048
413.02170283806345,0.9014109349299753,0.0985890650700243,0.9014109349299753,0.0985890650700243
413.355592654424,0.8976144838141029,0.10238551618589663,0.8976144838141029,0.10238551618589663
413.68948247078464,0.8937225461555058,0.1062774538444938,0.8937225461555058,0.1062774538444938
414.02337228714526,0.8897359292865099,0.11026407071348983,0.8897359292865099,0.11026407071348983
414.35726210350583,0.8856557185832582,0.11434428141674151,0.8856557185832582,0.11434428141674151
414.69115191986646,0.8814832911979381,0.118516708802062,0.8814832911979381,0.118516708802062
415.025041736227,0.8772203288579962,0.12277967114200364,0.8772203288579962,0.12277967114200364
415.35893155258765,0.8728688295166962,0.12713117048330375,0.8728688295166962,0.12713117048330375
415.6928213689483,0.8684311176323652,0.13156888236763425,0.8684311176323652,0.13156888236763425
416.02671118530884,0.8639098528497657,0.13609014715023396,0.8639098528497657,0.13609014715023396
416.36060100166947,0.8593080368566599,0.14069196314334018,0.8593080368566599,0.14069196314334018
416.69449081803003,0.854629018192267,0.14537098180773275,0.854629018192267,0.14537098180773275
417.02838063439066,0.8498764947923259,0.15012350520767373,0.8498764947923259,0.15012350520767373
417.3622704507512,0.8450545140682826,0.1549454859317171,0.8450545140682826,0.1549454859317171
417.69616026711185,0.840167470335848,0.1598325296641518,0.840167470335848,0.1598325296641518
418.0300500834725,0.8352200994311293,0.16477990056887054,0.8352200994311293,0.16477990056887054
418.36393989983304,0.8302174703804922,0.16978252961950738,0.8302174703804922,0.16978252961950738
418.69782971619367,0.8251649740233812,0.17483502597661857,0.8251649740233812,0.17483502597661857
419.03171953255423,0.8200683085250858,0.17993169147491408,0.8200683085250858,0.17993169147491408
419.36560934891486,0.8149334617582888,0.18506653824171074,0.8149334617582888,0.18506653824171074
419.6994991652755,0.8097666905779005,0.190233309422099,0.8097666905779005,0.190233309422099
420.03338898163605,0.8045744970619544,0.19542550293804534,0.8045744970619544,0.19542550293804534
420.3672787979967,0.7993636018414931,0.20063639815850695,0.7993636018414931,0.20063639815850695
420.70116861435724,0.7941409146933592,0.20585908530664052,0.7941409146933592,0.20585908530664052
421.03505843071787,0.7889135026201493,0.21108649737985105,0.7889135026201493,0.21108649737985105
421.3689482470785,0.7836885556903501,0.21631144430964944,0.7836885556903501,0.21631144430964944
421.70283806343906,0.7784733509573335,0.22152664904266628,0.7784733509573335,0.22152664904266628
422.0367278797997,0.7732752148171513,0.22672478518284853,0.7732752148171513,0.22672478518284853
422.37061769616025,0.7681014842008572,0.23189851579914278,0.7681014842008572,0.23189851579914278
422.7045075125209,0.762959467026076,0.2370405329739238,0.762959467026076,0.2370405329739238
423.03839732888144,0.757856402353878,0.2421435976461218,0.757856402353878,0.2421435976461218
423.37228714524207,0.752799420709883,0.24720057929011677,0.752799420709883,0.24720057929011677
423.7061769616027,0.7477955050323947,0.2522044949676053,0.7477955050323947,0.2522044949676053
424.04006677796326,0.7428514527048312,0.25714854729516845,0.7428514527048312,0.25714854729516845
424.3739565943239,0.7379738391150114,0.26202616088498853,0.7379738391150114,0.26202616088498853
424.70784641068445,0.7331689831598617,0.26683101684013816,0.7331689831598617,0.26683101684013816
425.0417362270451,0.7284429150817576,0.2715570849182422,0.7284429150817576,0.2715570849182422
425.37562604340565,0.723801346982467,0.2761986530175327,0.723801346982467,0.2761986530175327
425.70951585976627,0.7192496463136491,0.2807503536863508,0.7192496463136491,0.2807503536863508
426.0434056761269,0.7147928125903955,0.285207187409604,0.7147928125903955,0.285207187409604
426.37729549248746,0.7104354575174422,0.28956454248255753,0.7104354575174422,0.28956454248255753
426.7111853088481,0.7061817886581103,0.2938182113418892,0.7061817886581103,0.2938182113418892
427.04507512520865,0.7020355967152035,0.2979644032847961,0.7020355967152035,0.2979644032847961
427.3789649415693,0.698000246432231,0.30199975356776904,0.698000246432231,0.30199975356776904
427.7128547579299,0.6940786710642828,0.30592132893571694,0.6940786710642828,0.30592132893571694
428.04674457429047,0.6902733703116151,0.3097266296883848,0.6902733703116151,0.3097266296883848
428.3806343906511,0.6865864115569,0.3134135884430999,0.6865864115569,0.3134135884430999
428.71452420701166,0.6830194342003527,0.3169805657996468,0.6830194342003527,0.3169805657996468
429.0484140233723,0.6795736568461452,0.32042634315385443,0.6795736568461452,0.32042634315385443
429.3823038397329,0.6762498870597773,0.3237501129402226,0.6762498870597773,0.3237501129402226
429.7161936560935,0.6730485333897464,0.3269514666102535,0.6730485333897464,0.3269514666102535
430.0500834724541,0.6699696193284,0.3300303806715999,0.6699696193284,0.3300303806715999
430.3839732888147,0.6670127988765725,0.332987201123427,0.6670127988765725,0.332987201123427
430.7178631051753,0.6641773733746082,0.33582262662539175,0.6641773733746082,0.33582262662539175
431.0517529215359,0.661462309268504,0.3385376907314961,0.661462309268504,0.3385376907314961
431.3856427378965,0.6588662564941687,0.3411337435058312,0.6588662564941687,0.3411337435058312
431.7195325542571,0.6563875671845821,0.34361243281541753,0.6563875671845821,0.34361243281541753
432.0534223706177,0.6540243144336307,0.3459756855663688,0.6540243144336307,0.3459756855663688
432.3873121869783,0.6517743108856566,0.34822568911434315,0.6517743108856566,0.34822568911434315
432.7212020033389,0.6496351269603268,0.35036487303967323,0.6496351269603268,0.35036487303967323
433.0550918196995,0.6476041085670318,0.352395891432968,0.6476041085670318,0.352395891432968
433.3889816360601,0.6456783942100203,0.3543216057899794,0.6456783942100203,0.3543216057899794
433.7228714524207,0.6438549314329738,0.3561450685670263,0.6438549314329738,0.3561450685670263
434.0567612687813,0.6421304925976736,0.35786950740232637,0.6421304925976736,0.35786950740232637
434.3906510851419,0.6405016900334422,0.3594983099665574,0.6405016900334422,0.3594983099665574
434.7245409015025,0.63896499062982,0.36103500937017974,0.63896499062982,0.36103500937017974
435.0584307178631,0.6375167299724745,0.3624832700275251,0.6375167299724745,0.3624832700275251
435.3923205342237,0.6361531261396179,0.36384687386038195,0.6361531261396179,0.36384687386038195
435.7262103505843,0.6348702932822085,0.36512970671779155,0.6348702932822085,0.36512970671779155
436.0601001669449,0.6336642551054608,0.3663357448945392,0.6336642551054608,0.3663357448945392
436.3939899833055,0.6325309583521243,0.36746904164787614,0.6325309583521243,0.36746904164787614
436.7278797996661,0.6314662863611661,0.36853371363883375,0.6314662863611661,0.36853371363883375
437.0617696160267,0.6304660727411419,0.36953392725885803,0.6304660727411419,0.36953392725885803
437.39565943238733,0.6295261151587545,0.37047388484124544,0.6295261151587545,0.37047388484124544
437.7295492487479,0.6286421892033073,0.3713578107966926,0.6286421892033073,0.3713578107966926
438.0634390651085,0.6278100622505111,0.37218993774948855,0.6278100622505111,0.37218993774948855
438.3973288814691,0.6270255072176589,0.37297449278234107,0.6270255072176589,0.37297449278234107
438.7312186978297,0.6262843160793222,0.3737156839206778,0.6262843160793222,0.3737156839206778
439.06510851419034,0.6255823130003743,0.37441768699962563,0.6255823130003743,0.37441768699962563
439.3989983305509,0.6249153669424415,0.3750846330575584,0.6249153669424415,0.3750846330575584
439.73288814691153,0.6242794036110305,0.3757205963889697,0.6242794036110305,0.3757205963889697
440.0667779632721,0.6236704166328904,0.37632958336710953,0.6236704166328904,0.37632958336710953
440.4006677796327,0.6230844778851908,0.37691552211480905,0.6230844778851908,0.37691552211480905
440.73455759599335,0.6225177469372736,0.37748225306272637,0.6225177469372736,0.37748225306272637
441.0684474123539,0.6219664796085927,0.37803352039140703,0.6219664796085927,0.37803352039140703
441.40233722871454,0.621427035687995,0.37857296431200516,0.621427035687995,0.37857296431200516
441.7362270450751,0.620895885892937,0.37910411410706296,0.620895885892937,0.37910411410706296
442.07011686143574,0.6203696181642623,0.3796303818357377,0.6203696181642623,0.3796303818357377
442.4040066777963,0.6198449433826279,0.380155056617372,0.6198449433826279,0.380155056617372
442.7378964941569,0.6193187005462403,0.38068129945375945,0.6193187005462403,0.38068129945375945
443.07178631051755,0.6187878613571369,0.38121213864286324,0.6187878613571369,0.38121213864286324
443.4056761268781,0.6182495340198392,0.38175046598016066,0.6182495340198392,0.38175046598016066
443.73956594323874,0.6177009658639129,0.38229903413608696,0.6177009658639129,0.38229903413608696
444.0734557595993,0.6171395441728594,0.38286045582714023,0.6171395441728594,0.38286045582714023
444.40734557595994,0.6165627943594684,0.3834372056405315,0.6165627943594684,0.3834372056405315
444.7412353923205,0.6159683744072314,0.3840316255927682,0.6159683744072314,0.3840316255927682
445.07512520868113,0.6153540643419477,0.38464593565805233,0.6153540643419477,0.38464593565805233
445.40901502504175,0.6147177494533663,0.38528225054663356,0.6147177494533663,0.38528225054663356
445.7429048414023,0.6140573960954091,0.38594260390459073,0.6140573960954091,0.38594260390459073
446.07679465776295,0.6133710191844267,0.38662898081557284,0.6133710191844267,0.38662898081557284
446.4106844741235,0.612656640998641,0.3873433590013587,0.612656640998641,0.3873433590013587
446.74457429048414,0.6119122415457092,0.3880877584542907,0.6119122415457092,0.3880877584542907
447.07846410684476,0.6111357015735085,0.3888642984264915,0.6111357015735085,0.3888642984264915
447.41235392320533,0.6103247401960178,0.3896752598039821,0.6103247401960178,0.3896752598039821
447.74624373956595,0.6094768500220111,0.3905231499779886,0.6094768500220111,0.3905231499779886
448.0801335559265,0.6085892335327971,0.39141076646720296,0.6085892335327971,0.39141076646720296
448.41402337228715,0.6076587451798946,0.3923412548201052,0.6076587451798946,0.3923412548201052
448.7479131886478,0.606681844191971,0.3933181558080288,0.606681844191971,0.3933181558080288
449.08180300500834,0.6056545633268633,0.39434543667313615,0.6056545633268633,0.39434543667313615
449.41569282136896,0.6045724987208148,0.39542750127918497,0.6045724987208148,0.39542750127918497
449.74958263772953,0.6034308255230633,0.3965691744769366,0.6034308255230633,0.3965691744769366
450.08347245409016,0.602224343121028,0.397775656878972,0.602224343121028,0.397775656878972
450.4173622704508,0.6009475524386425,0.39905244756135727,0.6009475524386425,0.39905244756135727
450.75125208681135,0.5995947660357261,0.4004052339642736,0.5995947660357261,0.4004052339642736
451.085141903172,0.5981602495995559,0.4018397504004438,0.5981602495995559,0.4018397504004438
451.41903171953254,0.5966383910063477,0.40336160899365214,0.5966383910063477,0.40336160899365214
451.75292153589317,0.5950238906090636,0.40497610939093615,0.5950238906090636,0.40497610939093615
452.08681135225373,0.5933119640096808,0.4066880359903189,0.5933119640096808,0.4066880359903189
452.42070116861436,0.5914985465745205,0.40850145342547944,0.5914985465745205,0.40850145342547944
452.754590984975,0.5895804876393397,0.4104195123606602,0.5895804876393397,0.4104195123606602
453.08848080133555,0.5875557219818269,0.41244427801817307,0.5875557219818269,0.41244427801817307
453.4223706176962,0.5854234068836046,0.41457659311639533,0.5854234068836046,0.41457659311639533
453.75626043405674,0.583184015001568,0.41681598499843187,0.583184015001568,0.41681598499843187
454.09015025041737,0.5808393762006362,0.4191606237993634,0.5808393762006362,0.4191606237993634
454.42404006677793,0.5783926651911474,0.42160733480885243,0.5783926651911474,0.42160733480885243
454.75792988313856,0.5758483358641967,0.42415166413580324,0.5758483358641967,0.42415166413580324
455.0918196994992,0.5732120071648034,0.4267879928351964,0.5732120071648034,0.4267879928351964
455.42570951585975,0.5704903087366944,0.4295096912633054,0.5704903087366944,0.4295096912633054
455.7595993322204,0.5676906970521285,0.4323093029478714,0.5676906970521285,0.4323093029478714
456.09348914858094,0.5648212540870649,0.43517874591293515,0.5648212540870649,0.43517874591293515
456.42737896494157,0.5618904807653681,0.43810951923463193,0.5618904807653681,0.43810951923463193
456.7612687813022,0.558907096484958,0.4410929035150421,0.558907096484958,0.4410929035150421
457.09515859766276,0.5558798542863059,0.4441201457136941,0.5558798542863059,0.4441201457136941
457.4290484140234,0.5528173789327796,0.4471826210672201,0.5528173789327796,0.4471826210672201
457.76293823038395,0.5497280326603561,0.4502719673396437,0.5497280326603561,0.4502719673396437
458.0968280467446,0.5466198109055225,0.4533801890944776,0.5466198109055225,0.4533801890944776
458.4307178631052,0.5435002681532124,0.45649973184678744,0.5435002681532124,0.45649973184678744
458.76460767946577,0.5403764723002762,0.45962352769972364,0.5403764723002762,0.45962352769972364
459.0984974958264,0.5372549846648443,0.4627450153351555,0.5372549846648443,0.4627450153351555
459.43238731218696,0.5341418619829965,0.4658581380170033,0.5341418619829965,0.4658581380170033
459.7662771285476,0.5310426763693143,0.46895732363068554,0.5310426763693143,0.46895732363068554
460.1001669449082,0.5279625491978485,0.47203745080215165,0.5279625491978485,0.47203745080215165
460.4340567612688,0.5249061950944507,0.47509380490554926,0.5249061950944507,0.47509380490554926
460.7679465776294,0.5218779726333728,0.47812202736662723,0.5218779726333728,0.47812202736662723
461.10183639398997,0.5188819388238414,0.48111806117615835,0.5188819388238414,0.48111806117615835
461.4357262103506,0.5159219049947809,0.48407809500521876,0.5159219049947809,0.48407809500521876
461.76961602671116,0.5130014921930077,0.486998507806992,0.5130014921930077,0.486998507806992
462.1035058430718,0.5101241846715031,0.48987581532849667,0.5101241846715031,0.48987581532849667
462.4373956594324,0.5072933804422392,0.4927066195577605,0.5072933804422392,0.4927066195577605
462.771285475793,0.5045124381940987,0.49548756180590114,0.5045124381940987,0.49548756180590114
463.1051752921536,0.5017847201290627,0.4982152798709369,0.5017847201290627,0.4982152798709369
463.43906510851417,0.49911363045176094,0.500886369548239,0.49911363045176094,0.500886369548239
463.7729549248748,0.49650264936307403,0.5034973506369257,0.49650264936307403,0.5034973506369257
464.10684474123536,0.493955362462875,0.5060446375371253,0.493955362462875,0.5060446375371253
464.440734557596,0.4914754854641569,0.5085245145358428,0.4914754854641569,0.5085245145358428
464.7746243739566,0.4890668840632302,0.5109331159367694,0.4890668840632302,0.5109331159367694
465.1085141903172,0.48673358869782846,0.5132664113021713,0.48673358869782846,0.5132664113021713
465.4424040066778,0.4844798037539413,0.5155201962460586,0.4844798037539413,0.5155201962460586
465.7762938230384,0.48230991054543515,0.517690089454565,0.48230991054543515,0.517690089454565
466.110183639399,0.4802284630770176,0.5197715369229822,0.4802284630770176,0.5197715369229822
466.4440734557596,0.4782401751943685,0.5217598248056312,0.4782401751943685,0.5217598248056312
466.7779632721202,0.47634989720335236,0.5236501027966473,0.47634989720335236,0.5236501027966473
467.1118530884808,0.474562579375196,0.5254374206248037,0.474562579375196,0.5254374206248037
467.4457429048414,0.472883218911649,0.5271167810883511,0.472883218911649,0.5271167810883511
467.779632721202,0.471316785882893,0.5286832141171065,0.471316785882893,0.5286832141171065
468.11352253756263,0.4698681223265457,0.5301318776734544,0.4698681223265457,0.5301318776734544
468.4474123539232,0.4685418070638785,0.5314581929361214,0.4685418070638785,0.5314581929361214
468.7813021702838,0.46734197681476036,0.5326580231852395,0.46734197681476036,0.5326580231852395
469.1151919866444,0.4662720918680759,0.5337279081319241,0.4662720918680759,0.5337279081319241
469.449081803005,0.46533463193992075,0.5346653680600789,0.46533463193992075,0.5346653680600789
469.78297161936564,0.4645307050875468,0.5354692949124532,0.4645307050875468,0.5354692949124532
470.1168614357262,0.463859549995013,0.5361404500049868,0.463859549995013,0.5361404500049868
470.45075125208683,0.4633179102780595,0.5366820897219406,0.4633179102780595,0.5366820897219406
470.7846410684474,0.4628992598446146,0.5371007401553853,0.4628992598446146,0.5371007401553853
471.118530884808,0.46259286271454825,0.5374071372854513,0.46259286271454825,0.5374071372854513
471.45242070116865,0.4623826620009796,0.5376173379990203,0.4623826620009796,0.5376173379990203
471.7863105175292,0.4622460152162433,0.5377539847837565,0.4622460152162433,0.5377539847837565
472.1202003338898,0.4621523322022267,0.5378476677977732,0.4621523322022267,0.5378476677977732
472.4540901502504,0.46206173396198313,0.537938266038017,0.46206173396198313,0.537938266038017
472.78797996661103,0.4619239403601172,0.5380760596398826,0.4619239403601172,0.5380760596398826
473.1218697829716,0.46167771148061787,0.5383222885193822,0.46167771148061787,0.5383222885193822
473.4557595993322,0.46125129819452526,0.5387487018054746,0.46125129819452526,0.5387487018054746
473.7896494156928,0.46056446671946616,0.5394355332805337,0.46056446671946616,0.5394355332805337
474.1235392320534,0.45953268337162323,0.5404673166283764,0.45953268337162323,0.5404673166283764
474.45742904841404,0.45807388418756506,0.5419261158124347,0.45807388418756506,0.5419261158124347
474.7913188647746,0.4561178127640226,0.5438821872359771,0.4561178127640226,0.5438821872359771
475.12520868113523,0.4536171541966869,0.546382845803313,0.4536171541966869,0.546382845803313
475.4590984974958,0.45055874211018715,0.5494412578898126,0.45055874211018715,0.5494412578898126
475.7929883138564,0.44697230147505745,0.5530276985249428,0.44697230147505745,0.5530276985249428
476.12687813021705,0.44293399348418966,0.5570660065158102,0.44293399348418966,0.5570660065158102
476.4607679465776,0.4385628365795009,0.561437163420499,0.4385628365795009,0.561437163420499
476.79465776293824,0.43400985306664164,0.565990146933358,0.43400985306664164,0.565990146933358
477.12854757929875,0.42944192363265565,0.570558076367344,0.42944192363265565,0.570558076367344
477.46243739565944,0.42502388986387574,0.5749761101361244,0.42502388986387574,0.5749761101361244
477.79632721202006,0.42090272593258926,0.5790972740674107,0.42090272593258926,0.5790972740674107
478.1302170283806,0.41719657264177745,0.5828034273582224,0.41719657264177745,0.5828034273582224
478.46410684474125,0.4139896949299544,0.5860103050700456,0.4139896949299544,0.5860103050700456
478.79799666110176,0.4113327909285208,0.5886672090714795,0.4113327909285208,0.5886672090714795
479.13188647746244,0.4092470874305953,0.5907529125694044,0.4092470874305953,0.5907529125694044
479.46577629382307,0.40773040805779204,0.5922695919422081,0.40773040805779204,0.5922695919422081
479.7996661101836,0.40676368510520583,0.5932363148947942,0.40676368510520583,0.5932363148947942
480.13355592654426,0.4063168995310812,0.5936831004689187,0.4063168995310812,0.5936831004689187
480.4674457429048,0.406353938775377,0.5936460612246229,0.406353938775377,0.5936460612246229
480.80133555926545,0.4068362401637537,0.5931637598362463,0.4068362401637537,0.5931637598362463
481.1352253756261,0.4077253152256401,0.5922746847743596,0.4077253152256401,0.5922746847743596
481.4691151919866,0.4089843547713442,0.5910156452286556,0.4089843547713442,0.5910156452286556
481.80300500834727,0.4105791381258926,0.5894208618741072,0.4105791381258926,0.5894208618741072
482.1368948247078,0.41247844974360015,0.5875215502563996,0.41247844974360015,0.5875215502563996
482.4707846410684,0.4146541684625978,0.5853458315374019,0.4146541684625978,0.5853458315374019
482.8046744574291,0.4170811540574822,0.5829188459425175,0.4170811540574822,0.5829188459425175
483.1385642737896,0.41973701984160217,0.5802629801583976,0.41973701984160217,0.5802629801583976
483.4724540901503,0.4226018513992621,0.5773981486007375,0.4226018513992621,0.5773981486007375
483.8063439065109,0.4256579101152195,0.5743420898847806,0.4256579101152195,0.5743420898847806
484.1402337228714,0.42888934495312636,0.5711106550468735,0.42888934495312636,0.5711106550468735
484.4741235392321,0.43228192556106343,0.5677180744389366,0.43228192556106343,0.5677180744389366
484.8080133555927,0.4358228029794518,0.564177197020548,0.4358228029794518,0.564177197020548
485.14190317195323,0.4395002999470506,0.5604997000529488,0.4395002999470506,0.5604997000529488
485.4757929883139,0.4433037302436877,0.556696269756312,0.4433037302436877,0.556696269756312
485.8096828046744,0.4472232450914199,0.5527767549085801,0.4472232450914199,0.5527767549085801
486.14357262103505,0.45124970395018094,0.548750296049819,0.45124970395018094,0.548750296049819
486.47746243739573,0.4553745668106935,0.5446254331893062,0.4553745668106935,0.5446254331893062
486.81135225375624,0.45958980512164216,0.5404101948783577,0.45958980512164216,0.5404101948783577
487.1452420701169,0.4638878286692396,0.5361121713307602,0.4638878286692396,0.5361121713307602
487.47913188647755,0.4682614259799412,0.5317385740200588,0.4682614259799412,0.5317385740200588
487.81302170283806,0.47270371609457235,0.5272962839054277,0.47270371609457235,0.5272962839054277
488.14691151919874,0.4772081098375333,0.5227918901624663,0.4772081098375333,0.5227918901624663
488.48080133555925,0.48176827896324526,0.5182317210367545,0.48176827896324526,0.5182317210367545
488.8146911519199,0.4863781317964673,0.5136218682035326,0.4863781317964673,0.5136218682035326
489.14858096828056,0.4910317941910601,0.5089682058089396,0.4910317941910601,0.5089682058089396
489.48247078464107,0.4957235948134886,0.5042764051865111,0.4957235948134886,0.5042764051865111
489.81636060100163,0.5004480539143061,0.4995519460856936,0.5004480539143061,0.4995519460856936
490.15025041736226,0.5051998748857306,0.49480012511426913,0.5051998748857306,0.49480012511426913
490.4841402337229,0.5099739380183755,0.49002606198162424,0.5099739380183755,0.49002606198162424
490.81803005008356,0.5147652959681506,0.4852347040318493,0.5147652959681506,0.4852347040318493
491.1519198664441,0.5195691705273787,0.4804308294726211,0.5195691705273787,0.4804308294726211
491.48580968280464,0.5243809503646287,0.4756190496353711,0.5243809503646287,0.4756190496353711
491.81969949916527,0.5291961894573158,0.47080381054268416,0.5291961894573158,0.47080381054268416
492.1535893155259,0.5340106059916011,0.46598939400839884,0.5340106059916011,0.46598939400839884
492.48747913188646,0.5388200815466987,0.4611799184533016,0.5388200815466987,0.4611799184533016
492.8213689482471,0.5436206604167295,0.4563793395832702,0.5436206604167295,0.4563793395832702
493.1552587646076,0.5484085489536122,0.4515914510463878,0.5484085489536122,0.4515914510463878
493.4891485809683,0.5531801148401047,0.44681988515989535,0.5531801148401047,0.44681988515989535
493.8230383973289,0.5579318862236178,0.44206811377638217,0.5579318862236178,0.44206811377638217
494.15692821368947,0.5626605506594876,0.43733944934051266,0.5626605506594876,0.43733944934051266
494.4908180300501,0.5673629538274716,0.43263704617252813,0.5673629538274716,0.43263704617252813
494.8247078464106,0.5720360979977757,0.4279639020022239,0.5720360979977757,0.4279639020022239
495.1585976627713,0.5766771402333231,0.4233228597666769,0.5766771402333231,0.4233228597666769
495.4924874791319,0.5812833903234617,0.4187166096765381,0.5812833903234617,0.4187166096765381
495.8263772954924,0.5858523084512555,0.4141476915487442,0.5858523084512555,0.4141476915487442
496.1602671118531,0.5903815026020253,0.40961849739797435,0.5903815026020253,0.40961849739797435
496.4941569282136,0.5948687257251966,0.40513127427480355,0.5948687257251966,0.40513127427480355
496.82804674457424,0.5993118726648897,0.40068812733511017,0.5993118726648897,0.40068812733511017
497.1619365609349,0.6037089768772187,0.39629102312278097,0.6037089768772187,0.39629102312278097
497.49582637729543,0.6080582069540202,0.39194179304597965,0.6080582069540202,0.39194179304597965
497.8297161936561,0.6123578629739522,0.38764213702604766,0.6123578629739522,0.38764213702604766
498.16360601001674,0.6166063727025436,0.38339362729745646,0.6166063727025436,0.38339362729745646
498.49749582637725,0.6208022876630085,0.37919771233699123,0.6208022876630085,0.37919771233699123
498.8313856427379,0.6249442790995074,0.3750557209004924,0.6249442790995074,0.3750557209004924
499.16527545909844,0.6290311338540944,0.3709688661459051,0.6290311338540944,0.3709688661459051
499.49916527545906,0.633061750177987,0.3669382498220128,0.633061750177987,0.3669382498220128
499.83305509181974,0.6370351334968637,0.36296486650313603,0.6370351334968637,0.36296486650313603
500.16694490818026,0.6409503921489723,0.3590496078510276,0.6409503921489723,0.3590496078510276
500.50083472454094,0.6448067331137037,0.35519326688629604,0.6448067331137037,0.35519326688629604
500.83472454090156,0.6486034577471109,0.35139654225288913,0.6486034577471109,0.35139654225288913
501.1686143572621,0.6523399575396224,0.3476600424603775,0.6523399575396224,0.3476600424603775
501.50250417362275,0.6560157099099955,0.3439842900900043,0.6560157099099955,0.3439842900900043
501.83639398998326,0.6596302740482225,0.3403697259517773,0.6596302740482225,0.3403697259517773
502.1702838063439,0.6631832868189486,0.3368167131810514,0.6631832868189486,0.3368167131810514
502.50417362270457,0.6666744587356741,0.3333255412643257,0.6666744587356741,0.3333255412643257
502.8380634390651,0.670103570014866,0.32989642998513385,0.670103570014866,0.32989642998513385
503.1719532554257,0.6734704667179628,0.3265295332820369,0.6734704667179628,0.3265295332820369
503.5058430717864,0.6767750569881491,0.32322494301185073,0.6767750569881491,0.32322494301185073
503.8397328881469,0.68001730738777,0.31998269261222967,0.68001730738777,0.31998269261222967
504.1736227045076,0.683197239341267,0.31680276065873264,0.683197239341267,0.31680276065873264
504.5075125208681,0.6863149256876073,0.3136850743123923,0.6863149256876073,0.3136850743123923
504.8414023372287,0.6893704873453348,0.31062951265466526,0.6893704873453348,0.31062951265466526
505.1752921535894,0.6923640900925897,0.30763590990741,0.6923640900925897,0.30763590990741
505.5091819699499,0.6952959414637109,0.30470405853628885,0.6952959414637109,0.30470405853628885
505.84307178631053,0.6981662877633731,0.30183371223662675,0.6981662877633731,0.30183371223662675
506.1769616026711,0.7009754111986368,0.299024588801363,0.7009754111986368,0.299024588801363
506.5108514190317,0.7037236271287063,0.2962763728712934,0.7037236271287063,0.2962763728712934
506.8447412353924,0.7064112814317353,0.29358871856826463,0.7064112814317353,0.29358871856826463
507.1786310517529,0.7090387479875644,0.29096125201243545,0.7090387479875644,0.29096125201243545
507.51252086811354,0.7116064262749182,0.28839357372508173,0.7116064262749182,0.28839357372508173
507.8464106844741,0.7141147390812049,0.2858852609187948,0.7141147390812049,0.2858852609187948
508.18030050083473,0.7165641303228307,0.2834358696771692,0.7165641303228307,0.2834358696771692
508.51419031719536,0.7189550629736187,0.28104493702638117,0.7189550629736187,0.28104493702638117
508.8480801335559,0.7212880170987861,0.27871198290121374,0.7212880170987861,0.27871198290121374
509.18196994991644,0.7235634879916888,0.27643651200831115,0.7235634879916888,0.27643651200831115
509.5158597662771,0.7257819844104219,0.2742180155895778,0.7257819844104219,0.2742180155895778
509.84974958263774,0.7279440269112685,0.2720559730887313,0.7279440269112685,0.2720559730887313
510.18363939899825,0.730050146275868,0.269949853724132,0.730050146275868,0.269949853724132
510.51752921535893,0.7321008820289309,0.2678991179710688,0.7321008820289309,0.2678991179710688
510.85141903171944,0.7340967810432725,0.2659032189567274,0.7340967810432725,0.2659032189567274
511.1853088480801,0.7360383962289289,0.263961603771071,0.7360383962289289,0.263961603771071
511.51919866444075,0.7379262853031064,0.2620737146968932,0.7379262853031064,0.2620737146968932
511.85308848080126,0.7397610096377246,0.26023899036227544,0.7397610096377246,0.26023899036227544
512.1869782971619,0.7415431331813439,0.2584568668186561,0.7415431331813439,0.2584568668186561
512.5208681135225,0.7432732214523036,0.256726778547696,0.7432732214523036,0.256726778547696
512.8547579298831,0.7449518405999517,0.2550481594000483,0.7449518405999517,0.2550481594000483
513.1886477462438,0.7465795565308765,0.2534204434691233,0.7465795565308765,0.2534204434691233
513.5225375626044,0.7481569340971659,0.2518430659028341,0.7481569340971659,0.2518430659028341
513.8564273789649,0.7496845363437357,0.2503154636562639,0.7496845363437357,0.2503154636562639
514.1903171953255,0.7511629238118891,0.24883707618811055,0.7511629238118891,0.24883707618811055
514.5242070116861,0.7525926538963186,0.24740734610368148,0.7525926538963186,0.24740734610368148
514.8580968280468,0.7539742802528709,0.2460257197471288,0.7539742802528709,0.2460257197471288
515.1919866444074,0.7553083522544684,0.24469164774553182,0.7553083522544684,0.24469164774553182
515.5258764607679,0.7565954144926637,0.24340458550733632,0.7565954144926637,0.24340458550733632
515.8597662771285,0.7578360063224251,0.24216399367757477,0.7578360063224251,0.24216399367757477
516.1936560934892,0.7590306614477897,0.2409693385522098,0.7590306614477897,0.2409693385522098
516.5275459098498,0.7601799075461737,0.239820092453826,0.7601799075461737,0.239820092453826
516.8614357262104,0.76128426592916,0.23871573407083993,0.76128426592916,0.23871573407083993
517.1953255425709,0.7623442512377179,0.237655748762282,0.7623442512377179,0.237655748762282
517.5292153589315,0.7633603711698828,0.236639628830117,0.7633603711698828,0.236639628830117
517.8631051752922,0.7643331262389926,0.23566687376100728,0.7643331262389926,0.23566687376100728
518.1969949916528,0.7652630095607005,0.23473699043929938,0.7652630095607005,0.23473699043929938
518.5308848080133,0.766150506667036,0.23384949333296398,0.766150506667036,0.23384949333296398
518.8647746243739,0.766996095345881,0.23300390465411894,0.766996095345881,0.23300390465411894
519.1986644407345,0.7678002455043049,0.2321997544956951,0.7678002455043049,0.2321997544956951
519.5325542570952,0.7685634190542836,0.231436580945716,0.7685634190542836,0.231436580945716
519.8664440734558,0.7692860698193964,0.23071393018060365,0.7692860698193964,0.23071393018060365
520.2003338898164,0.7699686434611708,0.23003135653882928,0.7699686434611708,0.23003135653882928
520.5342237061769,0.7706115774238093,0.22938842257619055,0.7706115774238093,0.22938842257619055
520.8681135225376,0.7712153008961129,0.22878469910388688,0.7712153008961129,0.22878469910388688
521.2020033388982,0.7717802347894652,0.22821976521053458,0.7717802347894652,0.22821976521053458
521.5358931552588,0.7723067917308122,0.22769320826918757,0.7723067917308122,0.22769320826918757
521.8697829716193,0.7727953760696341,0.22720462393036564,0.7727953760696341,0.22720462393036564
522.2036727879799,0.7732463838979524,0.2267536161020477,0.7732463838979524,0.2267536161020477
522.5375626043406,0.7736602030824857,0.22633979691751402,0.7736602030824857,0.22633979691751402
522.8714524207012,0.7740372133081069,0.22596278669189312,0.7740372133081069,0.22596278669189312
523.2053422370618,0.7743777861318073,0.22562221386819295,0.7743777861318073,0.22562221386819295
523.5392320534223,0.774682285046431,0.22531771495356873,0.774682285046431,0.22531771495356873
523.873121869783,0.7749510655534774,0.2250489344465226,0.7749510655534774,0.2250489344465226
524.2070116861436,0.7751844752443051,0.22481552475569455,0.7751844752443051,0.22481552475569455
524.5409015025042,0.775382853889146,0.22461714611085395,0.775382853889146,0.22461714611085395
524.8747913188648,0.7755465335333299,0.22445346646666994,0.7755465335333299,0.22445346646666994
525.2086811352253,0.7756758386002021,0.22432416139979813,0.7756758386002021,0.22432416139979813
525.542570951586,0.7757710860002157,0.2242289139997842,0.7757710860002157,0.2242289139997842
525.8764607679466,0.7758325852457417,0.22416741475425822,0.7758325852457417,0.22416741475425822
526.2103505843072,0.7758606385711492,0.22413936142885044,0.7758606385711492,0.22413936142885044
526.5442404006678,0.7758555410577573,0.22414445894224255,0.7758555410577573,0.22414445894224255
526.8781302170283,0.7758175807632721,0.2241824192367276,0.7758175807632721,0.2241824192367276
527.212020033389,0.7757470388553639,0.2242529611446359,0.7757470388553639,0.2242529611446359
527.5459098497496,0.775644189749049,0.22435581025095075,0.775644189749049,0.22435581025095075
527.8797996661102,0.7755093012475811,0.22449069875241864,0.7755093012475811,0.22449069875241864
528.2136894824707,0.7753426346865654,0.22465736531343444,0.7753426346865654,0.22465736531343444
528.5475792988314,0.7751444450810393,0.2248555549189607,0.7751444450810393,0.2248555549189607
528.881469115192,0.7749149812752784,0.2250850187247215,0.7749149812752784,0.2250850187247215
529.2153589315526,0.7746544860951063,0.22534551390489346,0.7746544860951063,0.22534551390489346
529.5492487479132,0.7743631965025058,0.22563680349749396,0.7743631965025058,0.22563680349749396
529.8831385642738,0.7740413437523416,0.22595865624765835,0.7740413437523416,0.22595865624765835
530.2170283806344,0.7736891535510256,0.2263108464489741,0.7736891535510256,0.2263108464489741
530.550918196995,0.7733068462169657,0.226693153783034,0.7733068462169657,0.226693153783034
530.8848080133556,0.7728946368426503,0.22710536315734967,0.7728946368426503,0.22710536315734967
531.2186978297162,0.7724527354582436,0.22754726454175628,0.7724527354582436,0.22754726454175628
531.5525876460767,0.7719813471965665,0.22801865280343336,0.7719813471965665,0.22801865280343336
531.8864774624374,0.7714806724593518,0.2285193275406481,0.7714806724593518,0.2285193275406481
532.220367278798,0.7709509070846807,0.229049092915319,0.7709509070846807,0.229049092915319
532.5542570951586,0.7703922425155012,0.22960775748449844,0.7703922425155012,0.22960775748449844
532.8881469115192,0.769804865969157,0.23019513403084274,0.769804865969157,0.23019513403084274
533.2220367278799,0.7691889606078413,0.23081103939215833,0.7691889606078413,0.23081103939215833
533.5559265442404,0.7685447057099191,0.23145529429008052,0.7685447057099191,0.23145529429008052
533.889816360601,0.7678722768420468,0.23212772315795308,0.7678722768420468,0.23212772315795308
534.2237061769616,0.7671718460320466,0.23282815396795317,0.7671718460320466,0.23282815396795317
534.5575959933221,0.7664435819424738,0.233556418057526,0.7664435819424738,0.233556418057526
534.8914858096828,0.7656876500448418,0.234312349955158,0.7656876500448418,0.234312349955158
535.2253756260434,0.764904212794462,0.23509578720553767,0.764904212794462,0.23509578720553767
535.559265442404,0.7640934298058574,0.23590657019414243,0.7640934298058574,0.23590657019414243
535.8931552587646,0.7632554580287265,0.2367445419712731,0.7632554580287265,0.2367445419712731
536.2270450751253,0.7623904519244143,0.23760954807558562,0.7623904519244143,0.23760954807558562
536.5609348914858,0.7614985636428758,0.238501436357124,0.7614985636428758,0.238501436357124
536.8948247078464,0.7605799432000959,0.23942005679990416,0.7605799432000959,0.23942005679990416
537.228714524207,0.7596347386559473,0.24036526134405262,0.7596347386559473,0.24036526134405262
537.5626043405676,0.7586630962924593,0.24133690370754066,0.7586630962924593,0.24133690370754066
537.8964941569282,0.7576651607924784,0.2423348392075213,0.7576651607924784,0.2423348392075213
538.2303839732888,0.7566410754186931,0.2433589245813071,0.7566410754186931,0.2433589245813071
538.5642737896494,0.755590982193011,0.24440901780698865,0.755590982193011,0.24440901780698865
538.89816360601,0.7545150220762564,0.24548497792374355,0.7545150220762564,0.24548497792374355
539.2320534223707,0.7534133351481692,0.24658666485183123,0.7534133351481692,0.24658666485183123
539.5659432387313,0.7522860607876811,0.24771393921231846,0.7522860607876811,0.24771393921231846
539.8998330550918,0.7511333378534509,0.24886666214654882,0.7511333378534509,0.24886666214654882
540.2337228714524,0.7499553048646169,0.25004469513538297,0.7499553048646169,0.25004469513538297
540.567612687813,0.7487521001817588,0.25124789981824114,0.7487521001817588,0.25124789981824114
540.9015025041737,0.7475238621880225,0.2524761378119775,0.7475238621880225,0.2524761378119775
541.2353923205342,0.7462707294703845,0.2537292705296152,0.7462707294703845,0.2537292705296152
541.5692821368948,0.7449928410010179,0.255007158998982,0.7449928410010179,0.255007158998982
541.9031719532554,0.7436903363187265,0.2563096636812735,0.7436903363187265,0.2563096636812735
542.237061769616,0.7423633557104009,0.25763664428959915,0.7423633557104009,0.25763664428959915
542.5709515859767,0.741012040392457,0.2589879596075428,0.741012040392457,0.2589879596075428
542.9048414023373,0.7396365326922096,0.2603634673077901,0.7396365326922096,0.2603634673077901
543.2387312186978,0.7382369762291315,0.2617630237708681,0.7382369762291315,0.2617630237708681
543.5726210350584,0.7368135160959349,0.26318648390406507,0.7368135160959349,0.26318648390406507
543.9065108514191,0.7353662990394364,0.26463370096056366,0.7353662990394364,0.26463370096056366
544.2404006677796,0.7338954736411192,0.26610452635888043,0.7338954736411192,0.26610452635888043
544.5742904841402,0.7324011904973438,0.2675988095026559,0.7324011904973438,0.2675988095026559
544.9081803005008,0.730883602399126,0.26911639760087375,0.730883602399126,0.26911639760087375
545.2420701168614,0.729342864511408,0.27065713548859166,0.729342864511408,0.27065713548859166
545.5759599332221,0.7277791345517476,0.27222086544825225,0.7277791345517476,0.27222086544825225
545.9098497495827,0.7261925729683296,0.27380742703167,0.7261925729683296,0.27380742703167
546.2437395659432,0.7245833431172165,0.2754166568827834,0.7245833431172165,0.2754166568827834
546.5776293823038,0.7229516114387351,0.2770483885612648,0.7229516114387351,0.2770483885612648
546.9115191986645,0.7212975476329083,0.27870245236709157,0.7212975476329083,0.27870245236709157
547.2454090150251,0.719621324833815,0.28037867516618503,0.719621324833815,0.28037867516618503
547.5792988313856,0.7179231197827683,0.2820768802172317,0.7179231197827683,0.2820768802172317
547.9131886477462,0.7162031130001969,0.28379688699980304,0.7162031130001969,0.28379688699980304
548.2470784641068,0.7144614889561077,0.285538511043892,0.7144614889561077,0.285538511043892
548.5809682804675,0.7126984362389942,0.28730156376100546,0.7126984362389942,0.28730156376100546
548.9148580968281,0.7109141477230554,0.2890858522769444,0.7109141477230554,0.2890858522769444
549.2487479131887,0.7091088207336025,0.29089117926639735,0.7091088207336025,0.29089117926639735
549.5826377295492,0.7072826572104804,0.2927173427895193,0.7072826572104804,0.2927173427895193
549.9165275459098,0.7054358638693732,0.29456413613062643,0.7054358638693732,0.29456413613062643
550.2504173622705,0.7035686523608269,0.29643134763917306,0.7035686523608269,0.29643134763917306
550.5843071786311,0.7016812394268279,0.29831876057317175,0.7016812394268279,0.29831876057317175
550.9181969949916,0.699773847054778,0.3002261529452218,0.699773847054778,0.3002261529452218
551.2520868113522,0.6978467026286721,0.30215329737132773,0.6978467026286721,0.30215329737132773
551.5859766277129,0.6959000390773225,0.30409996092267755,0.6959000390773225,0.30409996092267755
551.9198664440735,0.6939340950194325,0.30606590498056735,0.6939340950194325,0.30606590498056735
552.2537562604341,0.6919491149053303,0.3080508850946696,0.6919491149053303,0.3080508850946696
552.5876460767947,0.6899453491551749,0.31005465084482486,0.6899453491551749,0.31005465084482486
552.9215358931552,0.6879230542934365,0.31207694570656336,0.6879230542934365,0.31207694570656336
553.2554257095159,0.6858824930794354,0.3141175069205646,0.6858824930794354,0.3141175069205646
553.5893155258765,0.6838239346337558,0.3161760653662436,0.6838239346337558,0.3161760653662436
553.923205342237,0.681747654560297,0.3182523454397028,0.681747654560297,0.3182523454397028
554.2570951585976,0.6796539350637595,0.32034606493624057,0.6796539350637595,0.32034606493624057
554.5909849749582,0.6775430650623621,0.3224569349376379,0.6775430650623621,0.3224569349376379
554.9248747913189,0.6754153402955436,0.3245846597044562,0.6754153402955436,0.3245846597044562
555.2587646076795,0.6732710634264324,0.32672893657356733,0.6732710634264324,0.32672893657356733
555.5926544240401,0.6711105441388768,0.3288894558611231,0.6711105441388768,0.3288894558611231
555.9265442404006,0.6689340992287741,0.3310659007712259,0.6689340992287741,0.3310659007712259
556.2604340567613,0.6667420526895065,0.33325794731049385,0.6667420526895065,0.33325794731049385
556.5943238731219,0.6645347357912169,0.33546526420878287,0.6645347357912169,0.33546526420878287
556.9282136894825,0.6623124871537268,0.33768751284627274,0.6623124871537268,0.33768751284627274
557.262103505843,0.6600756528128348,0.33992434718716513,0.6600756528128348,0.33992434718716513
557.5959933222036,0.6578245862797787,0.34217541372022087,0.6578245862797787,0.34217541372022087
557.9298831385643,0.6555596485936442,0.3444403514063555,0.6555596485936442,0.3444403514063555
558.2637729549249,0.6532812083664624,0.34671879163353747,0.6532812083664624,0.34671879163353747
558.5976627712855,0.6509896418207899,0.34901035817920995,0.6509896418207899,0.34901035817920995
558.9315525876461,0.6486853328195449,0.35131466718045484,0.6486853328195449,0.35131466718045484
559.2654424040066,0.6463686728878724,0.35363132711212736,0.6463686728878724,0.35363132711212736
559.5993322203673,0.6440400612268177,0.3559599387731824,0.6440400612268177,0.3559599387731824
559.9332220367279,0.641699904718623,0.35830009528137674,0.641699904718623,0.35830009528137674
560.2671118530884,0.6393486179233976,0.36065138207660224,0.6393486179233976,0.36065138207660224
560.601001669449,0.6369866230669905,0.36301337693300934,0.6369866230669905,0.36301337693300934
560.9348914858097,0.6346143500198714,0.3653856499801284,0.6346143500198714,0.3653856499801284
561.2687813021703,0.6322322362668058,0.367767763733194,0.6322322362668058,0.367767763733194
561.6026711185309,0.6298407268671792,0.37015927313282065,0.6298407268671792,0.37015927313282065
561.9365609348915,0.6274402744057721,0.37255972559422784,0.6274402744057721,0.37255972559422784
562.2704507512522,0.6250313389338399,0.37496866106616034,0.6250313389338399,0.37496866106616034
562.6043405676127,0.6226143879003433,0.37738561209965654,0.6226143879003433,0.37738561209965654
562.9382303839733,0.6201898960731781,0.3798101039268217,0.6201898960731781,0.3798101039268217
563.2721202003339,0.6177583454503003,0.38224165454969944,0.6177583454503003,0.38224165454969944
563.6060100166944,0.6153202251606009,0.3846797748393988,0.6153202251606009,0.3846797748393988
563.939899833055,0.612876031354446,0.3871239686455536,0.612876031354446,0.3871239686455536
564.2737896494157,0.6104262670837939,0.3895737329162061,0.6104262670837939,0.3895737329162061
564.6076794657763,0.6079714421717946,0.39202855782820545,0.6079714421717946,0.39202855782820545
564.9415692821369,0.6055120730718372,0.3944879269281628,0.6055120730718372,0.3944879269281628
565.2754590984975,0.6030486827159834,0.3969513172840164,0.6030486827159834,0.3969513172840164
565.6093489148581,0.6005818003527671,0.3994181996472328,0.6005818003527671,0.3994181996472328
565.9432387312187,0.5981119613743425,0.40188803862565736,0.5981119613743425,0.40188803862565736
566.2771285475793,0.5956397071330041,0.40436029286699565,0.5956397071330041,0.40436029286699565
566.6110183639399,0.5931655847470727,0.40683441525292724,0.5931655847470727,0.40683441525292724
566.9449081803004,0.5906901468962373,0.40930985310376244,0.5906901468962373,0.40930985310376244
567.2787979966611,0.5882139516063595,0.4117860483936401,0.5882139516063595,0.4117860483936401
567.6126878130217,0.5857375620238832,0.4142624379761165,0.5857375620238832,0.4142624379761165
567.9465776293823,0.5832615461798996,0.4167384538201003,0.5832615461798996,0.4167384538201003
568.2804674457429,0.5807864767440253,0.4192135232559745,0.5807864767440253,0.4192135232559745
568.6143572621036,0.5783129307682213,0.4216870692317785,0.5783129307682213,0.4216870692317785
568.9482470784641,0.5758414894207291,0.42415851057927073,0.5758414894207291,0.42415851057927073
569.2821368948247,0.5733727377102928,0.4266272622897072,0.5733727377102928,0.4266272622897072
569.6160267111853,0.570907264200895,0.429092735799105,0.570907264200895,0.429092735799105
569.9499165275458,0.5684456607172256,0.43155433928277415,0.5684456607172256,0.43155433928277415
570.2838063439065,0.5659885220411197,0.43401147795888007,0.5659885220411197,0.43401147795888007
570.6176961602671,0.5635364455992737,0.43646355440072576,0.5635364455992737,0.43646355440072576
570.9515859766277,0.5610900311424943,0.43890996885750555,0.5610900311424943,0.43890996885750555
571.2854757929883,0.5586498804168093,0.4413501195831905,0.5586498804168093,0.4413501195831905
571.619365609349,0.5562165968267869,0.4437834031732131,0.5562165968267869,0.4437834031732131
571.9532554257096,0.5537907850914008,0.44620921490859927,0.5537907850914008,0.44620921490859927
572.2871452420701,0.5513730508928214,0.4486269491071787,0.5513730508928214,0.4486269491071787
572.6210350584307,0.5489640005185427,0.45103599948145756,0.5489640005185427,0.45103599948145756
572.9549248747913,0.5465642404972454,0.45343575950275444,0.5465642404972454,0.45343575950275444
573.2888146911519,0.5441743772288307,0.4558256227711691,0.5441743772288307,0.4558256227711691
573.6227045075125,0.5417950166090755,0.4582049833909244,0.5417950166090755,0.4582049833909244
573.9565943238731,0.539426763649404,0.4605732363505959,0.539426763649404,0.4605732363505959
574.2904841402337,0.5370702220922131,0.4629297779077869,0.5370702220922131,0.4629297779077869
574.6243739565944,0.5347259940222947,0.46527400597770496,0.5347259940222947,0.46527400597770496
574.958263772955,0.5323946794748565,0.4676053205251431,0.5323946794748565,0.4676053205251431
575.2921535893155,0.5300768760406643,0.4699231239593358,0.5300768760406643,0.4699231239593358
575.6260434056761,0.5277731784688497,0.47222682153115003,0.5277731784688497,0.47222682153115003
575.9599332220367,0.5254841782679622,0.47451582173203755,0.5254841782679622,0.47451582173203755
576.2938230383974,0.523210463305788,0.4767895366942118,0.523210463305788,0.4767895366942118
576.6277128547579,0.5209526174085336,0.4790473825914662,0.5209526174085336,0.4790473825914662
576.9616026711185,0.5187112199599717,0.48128878004002823,0.5187112199599717,0.48128878004002823
577.2954924874791,0.516486845501092,0.48351315449890775,0.516486845501092,0.48351315449890775
577.6293823038397,0.5142800633308978,0.4857199366691022,0.5142800633308978,0.4857199366691022
577.9632721202004,0.5120914371089191,0.48790856289108053,0.5120914371089191,0.48790856289108053
578.297161936561,0.5099215244600399,0.4900784755399598,0.5099215244600399,0.4900784755399598
578.6310517529215,0.5077708765822657,0.4922291234177341,0.5077708765822657,0.4922291234177341
578.9649415692821,0.5056400378579969,0.4943599621420027,0.5056400378579969,0.4943599621420027
579.2988313856428,0.5035295454694385,0.49647045453056116,0.5035295454694385,0.49647045453056116
579.6327212020033,0.5014399290187241,0.4985600709812754,0.5014399290187241,0.4985600709812754
579.9666110183639,0.49937171015334425,0.5006282898466556,0.49937171015334425,0.5006282898466556
580.3005008347245,0.4973254021974723,0.5026745978025275,0.4973254021974723,0.5026745978025275
580.6343906510851,0.4953015097897567,0.5046984902102432,0.4953015097897567,0.5046984902102432
580.9682804674458,0.49330052852814976,0.50669947147185,0.49330052852814976,0.50669947147185
581.3021702838064,0.49132294462232745,0.5086770553776726,0.49132294462232745,0.5086770553776726
581.636060100167,0.4893692345542444,0.5106307654457551,0.4893692345542444,0.5106307654457551
581.9699499165275,0.4874398647473601,0.5125601352526397,0.4874398647473601,0.5125601352526397
582.3038397328882,0.485535291245036,0.5144647087549638,0.485535291245036,0.5144647087549638
582.6377295492488,0.4836559593986252,0.5163440406013744,0.4836559593986252,0.5163440406013744
582.9716193656093,0.4818023035657123,0.5181976964342873,0.4818023035657123,0.5181976964342873
583.3055091819699,0.4799747468189881,0.5200252531810121,0.4799747468189881,0.5200252531810121
583.6393989983305,0.4781737006661842,0.5218262993338159,0.4781737006661842,0.5218262993338159
583.9732888146912,0.47639956478149725,0.5236004352185024,0.47639956478149725,0.5236004352185024
584.3071786310518,0.4746527267489062,0.5253472732510938,0.4746527267489062,0.5253472732510938
584.6410684474124,0.4729335618177413,0.5270664381822585,0.4729335618177413,0.5270664381822585
584.9749582637729,0.47124243267088073,0.5287575673291192,0.47124243267088073,0.5287575673291192
585.3088480801335,0.46957968920588594,0.5304203107941139,0.46957968920588594,0.5304203107941139
585.6427378964942,0.46794566832937873,0.532054331670621,0.46794566832937873,0.532054331670621
585.9766277128548,0.466340693764937,0.5336593062350629,0.466340693764937,0.5336593062350629
586.3105175292153,0.46476507587476173,0.535234924125238,0.46476507587476173,0.535234924125238
586.6444073455759,0.46321911149532785,0.5367808885046721,0.46321911149532785,0.5367808885046721
586.9782971619366,0.4617030837872152,0.5382969162127849,0.4617030837872152,0.5382969162127849
587.3121869782972,0.46021726209928315,0.5397827379007166,0.46021726209928315,0.5397827379007166
587.6460767946578,0.45876190184732857,0.5412380981526714,0.45876190184732857,0.5412380981526714
587.9799666110184,0.45733724440732565,0.5426627555926741,0.45733724440732565,0.5426627555926741
588.3138564273789,0.45594351702333313,0.5440564829766666,0.45594351702333313,0.5440564829766666
588.6477462437396,0.4545809327301199,0.5454190672698801,0.4545809327301199,0.5454190672698801
588.9816360601002,0.45324969029051804,0.5467503097094818,0.45324969029051804,0.5467503097094818
589.3155258764607,0.45194997414751553,0.5480500258524844,0.45194997414751553,0.5480500258524844
589.6494156928213,0.4506819543910316,0.5493180456089682,0.4506819543910316,0.5493180456089682
589.983305509182,0.449445786739324,0.5505542132606757,0.449445786739324,0.5505542132606757
590.3171953255426,0.4482416125349429,0.5517583874650571,0.4482416125349429,0.5517583874650571
590.6510851419032,0.4470695587550933,0.5529304412449068,0.4470695587550933,0.5529304412449068
590.9849749582638,0.44592973803628355,0.5540702619637163,0.44592973803628355,0.5540702619637163
591.3188647746243,0.44482224871308035,0.5551777512869195,0.44482224871308035,0.5551777512869195
591.652754590985,0.4437471748707738,0.5562528251292262,0.4437471748707738,0.5562528251292262
591.9866444073456,0.4427045864117421,0.5572954135882578,0.4427045864117421,0.5572954135882578
592.3205342237062,0.4416945391352681,0.5583054608647317,0.4416945391352681,0.5583054608647317
592.6544240400667,0.44071707483054734,0.5592829251694527,0.44071707483054734,0.5592829251694527
592.9883138564273,0.43977222138260097,0.5602277786173989,0.43977222138260097,0.5602277786173989
593.322203672788,0.43885999289078653,0.5611400071092132,0.43885999289078653,0.5611400071092132
593.6560934891486,0.43798038979959014,0.5620196102004098,0.43798038979959014,0.5620196102004098
593.9899833055092,0.4371333990413463,0.5628666009586538,0.4371333990413463,0.5628666009586538
594.3238731218698,0.4363189941905336,0.5636810058094663,0.4363189941905336,0.5636810058094663
594.6577629382303,0.4355371356292689,0.5644628643707309,0.4355371356292689,0.5644628643707309
594.991652754591,0.4347877707236089,0.565212229276391,0.4347877707236089,0.565212229276391
595.3255425709516,0.4340708340102562,0.5659291659897437,0.4340708340102562,0.5659291659897437
595.6594323873122,0.43338624739325643,0.5666137526067433,0.43338624739325643,0.5666137526067433
595.9933222036727,0.4327339203502553,0.5672660796497446,0.4327339203502553,0.5672660796497446
596.3272120200334,0.4321137501478827,0.567886249852117,0.4321137501478827,0.567886249852117
596.661101836394,0.4315256220658207,0.5684743779341791,0.4315256220658207,0.5684743779341791
596.9949916527546,0.430969409629094,0.5690305903709059,0.430969409629094,0.5690305903709059
597.3288814691152,0.4304449748481375,0.5695550251518624,0.4304449748481375,0.5695550251518624
597.6627712854759,0.4299521684661682,0.5700478315338313,0.4299521684661682,0.5700478315338313
597.9966611018364,0.42949083021339735,0.5705091697866024,0.42949083021339735,0.5705091697866024
598.330550918197,0.42906078906761586,0.570939210932384,0.42906078906761586,0.570939210932384
598.6644407345576,0.4286618635206772,0.5713381364793229,0.4286618635206772,0.5713381364793229
598.9983305509181,0.4282938618504124,0.5717061381495875,0.4282938618504124,0.5717061381495875
599.3322203672788,0.4279565823975048,0.5720434176024952,0.4279565823975048,0.5720434176024952
599.6661101836394,0.4276498138468522,0.5723501861531477,0.4276498138468522,0.5723501861531477
600.0,0.4273733355129594,0.5726266644870405,0.4273733355129594,0.5726266644870405
